mentor_id,mentor_name,expertise,skills,industry,domain,experience_years,location,interests
M001,Arjun Bansal,Cloud Security,"OWASP, Burp Suite, Linux, Web Security",Cybersecurity,Cybersecurity,5,Bengaluru,"Cyber Risk, SaaS, Security"
M002,Sameer Chavan,Data Science,"Python, Pandas, SQL, Tableau",Technology,Data Science,18,Hyderabad,"Analytics, AI, Business Strategy"
M003,Varun Gupta,Full Stack Development,"Python, FastAPI, Docker, PostgreSQL",Technology,Software Development,22,Hyderabad,"AI, Cloud, SaaS"
M004,Nisha Deshmukh,Java Development,"JavaScript, React, Node.js, MongoDB",Technology,Software Development,10,Bengaluru,"Startups, SaaS, Open Source"
M005,Akash Jadhav,Data Science,"SQL, Python, Spark, Data Engineering",FinTech,Data Science,17,Kolkata,"Data Products, FinTech, AI"
M006,Vivek Nair,Mobile Architecture,"Java, Android, Kotlin, SQLite",Technology,Mobile Development,8,Delhi,"Product Development, UX, Mobile"
M007,Aniket Verma,DevOps,"Docker, Kubernetes, Jenkins, AWS",SaaS,DevOps,11,Hyderabad,"SRE, Infrastructure, SaaS"
M008,Deepak Nair,Cloud Security,"Penetration Testing, Kali Linux, OWASP, Metasploit",FinTech,Cybersecurity,17,Nashik,"Application Security, AI, FinTech"
M009,Sneha Verma,Startup Fundraising,"Fundraising, Business Strategy, Pitching, Leadership",SaaS,Entrepreneurship,11,Jaipur,"Startups, Venture Capital, Innovation"
M010,Karan Reddy,Banking Technology,"Python, Finance, Data Analytics, SQL",Banking,FinTech,19,Indore,"Financial Inclusion, Blockchain, AI"
M011,Isha Agarwal,Machine Learning,"Python, LLMs, Transformers, RAG",Technology,AI / Machine Learning,12,Delhi,"Generative AI, Startups, Research"
M012,Manish Joshi,Market Strategy,"Go-to-Market, Product Strategy, Analytics",Finance,Business Strategy,11,Chennai,"Startups, Strategy, SaaS"
M013,Varun Iyer,Digital Commerce,"Python, Recommendation Systems, SQL, ML",Technology,E-commerce,22,Kolkata,"E-commerce, Growth, SaaS"
M014,Aryan Joshi,Startup Building,"Fundraising, Market Research, Entrepreneurship",Technology,Entrepreneurship,12,Mumbai,"Startups, Venture Capital, Innovation"
M015,Rohit Malhotra,FinTech Product Management,"FinTech, Payments, APIs, Product Strategy",Finance,FinTech,18,Gurugram,"Financial Inclusion, Blockchain, AI"
M016,Meera Reddy,SaaS Architecture,"SaaS, Product Management, APIs, Analytics",Technology,SaaS,22,Chandigarh,"Product Growth, Automation, Startups"
M017,Manish Malhotra,Ethical Hacking,"OWASP, Burp Suite, Linux, Web Security",Technology,Cybersecurity,14,Pune,"Cyber Risk, SaaS, Security"
M018,Gaurav Joshi,FinTech Strategy,"Python, Finance, Data Analytics, SQL",Banking,FinTech,21,Ahmedabad,"Financial Inclusion, Blockchain, AI"
M019,Sakshi Sharma,Venture Strategy,"Fundraising, Market Research, Entrepreneurship",Startups,Entrepreneurship,10,Kolkata,"Entrepreneurship, AI, FinTech"
M020,Aniket Kulkarni,Cloud Security,"OWASP, Burp Suite, Linux, Web Security",Cybersecurity,Cybersecurity,16,Hyderabad,"Cyber Risk, SaaS, Security"
M021,Sonal Mehta,IoT Analytics,"C++, Embedded Systems, Sensors, IoT",IoT,IoT,7,Jaipur,"Embedded Systems, Robotics, Startups"
M022,Gaurav Singh,Cloud SaaS,"Product Strategy, B2B SaaS, Growth",SaaS,SaaS,21,Chandigarh,"Product Growth, Automation, Startups"
M023,Karan Kulkarni,Product Analytics,"Product Discovery, User Research, Roadmapping",SaaS,Product Management,16,Mumbai,"AI Products, Startups, SaaS"
M024,Aarav Kulkarni,Corporate Strategy,"Business Modeling, Finance, Strategy, Excel",Technology,Business Strategy,5,Kolkata,"Startups, Strategy, SaaS"
M025,Kavya Gupta,Machine Learning,"Python, TensorFlow, Scikit-learn, SQL",Technology,AI / Machine Learning,12,Mumbai,"Computer Vision, Robotics, AI"
M026,Tanvi Kumar,IoT Analytics,"C++, Embedded Systems, Sensors, IoT",Manufacturing,IoT,11,Chandigarh,"Industrial IoT, Cloud, Automation"
M027,Riya Nair,Growth Engineering,"React, Node.js, MongoDB, E-commerce",E-commerce,E-commerce,20,Mumbai,"Retail Technology, Payments, Analytics"
M028,Arjun Patil,Performance Marketing,"Digital Marketing, SEO, Analytics, Content",Technology,Marketing,18,Jaipur,"AI Marketing, Analytics, Content"
M029,Rohan Joshi,Product Management,"Product Strategy, UX, Roadmapping, A/B Testing",Technology,Product Management,15,Hyderabad,"Growth, Analytics, Innovation"
M030,Rohan Bansal,Brand Strategy,"Growth Marketing, SQL, Analytics, Experimentation",Marketing,Marketing,10,Nashik,"Startups, Growth, Digital Products"
M031,Deepak Pawar,Security Architecture,"Python, Linux, Network Security, SIEM",Cybersecurity,Cybersecurity,6,Chandigarh,"Cloud Security, Startups, Privacy"
M032,Aarav Iyer,IoT Development,"Arduino, C, Sensors, Embedded Systems",IoT,IoT,20,Bengaluru,"Embedded Systems, Robotics, Startups"
M033,Sakshi Joshi,B2B SaaS,"Product Strategy, B2B SaaS, Growth",Technology,SaaS,19,Indore,"Product Growth, Automation, Startups"
M034,Amit Reddy,HealthTech,"Python, Healthcare Analytics, SQL, ML",Technology,Healthcare,14,Indore,"Healthcare Innovation, ML, Analytics"
M035,Deepak Patil,Computer Vision,"Python, OpenCV, PyTorch, Computer Vision",Software,AI / Machine Learning,6,Chandigarh,"Computer Vision, Robotics, AI"
M036,Kavya Iyer,Learning Technology,"Product Management, EdTech, Analytics, UX",Technology,EdTech,7,Mumbai,"Education Technology, Analytics, UX"
M037,Raj Agarwal,Security Architecture,"Security Architecture, SIEM, Risk Management, IAM",Cybersecurity,Cybersecurity,12,Kolkata,"Cloud Security, Startups, Privacy"
M038,Nikhil Verma,Site Reliability Engineering,"Linux, Kubernetes, Prometheus, Grafana",Technology,DevOps,21,Jaipur,"Cloud Native, Security, Startups"
M039,Aarav Jadhav,SaaS Product Management,"Java, Spring Boot, AWS, Microservices",Software,SaaS,17,Noida,"B2B SaaS, Startups, AI"
M040,Ashish Nair,DevOps,"Python, Ansible, Linux, Cloud",Technology,DevOps,8,Ahmedabad,"SRE, Infrastructure, SaaS"
M041,Neha Chavan,Business Intelligence,"SQL, Python, Spark, Data Engineering",Technology,Data Science,12,Chennai,"Business Intelligence, SaaS, Automation"
M042,Manish Deshmukh,EdTech Entrepreneurship,"Python, AI, Learning Analytics, SQL",Technology,EdTech,5,Mumbai,"EdTech, AI, Startups"
M043,Nisha Shah,Application Security,"AWS Security, IAM, Cloud Security, Python",Technology,Cybersecurity,22,Kolkata,"Cloud Security, Startups, Privacy"
M044,Riya Gupta,SaaS Growth,"Java, Spring Boot, AWS, Microservices",SaaS,SaaS,21,Mumbai,"Product Growth, Automation, Startups"
M045,Rohan Bansal 2,Generative AI,"Python, PyTorch, Deep Learning, NLP",Software,AI / Machine Learning,5,Delhi,"Generative AI, Startups, Research"
M046,Bhavna Bansal,Digital Marketing,"Digital Marketing, SEO, Analytics, Content",Marketing,Marketing,22,Chandigarh,"AI Marketing, Analytics, Content"
M047,Akash Singh,Computer Vision,"Python, ML, Pandas, Feature Engineering",Artificial Intelligence,AI / Machine Learning,16,Gurugram,"Generative AI, Startups, Research"
M048,Arjun Nair,Startup Fundraising,"Startup Strategy, Product Management, GTM",SaaS,Entrepreneurship,6,Hyderabad,"SaaS, Fundraising, Product"
M049,Divya Pawar,Cross-platform Development,"Kotlin, Android, Firebase, REST APIs",Mobile Technology,Mobile Development,18,Nashik,"Mobile Apps, Startups, SaaS"
M050,Kavya Gupta 2,Software Architecture,"C++, Java, Data Structures, System Design",SaaS,Software Development,10,Nashik,"Developer Tools, Startups, Cloud"
M051,Rohit Nair,Banking Technology,"FinTech, Payments, APIs, Product Strategy",Finance,FinTech,8,Hyderabad,"FinTech, AI, Startups"
M052,Nisha Gupta,Web3,"Solidity, Ethereum, Web3.js, JavaScript",Technology,Blockchain,12,Hyderabad,"DeFi, AI, Blockchain"
M053,Nisha Sharma,Business Intelligence,"SQL, Power BI, Python, Data Visualization",FinTech,Data Science,13,Jaipur,"Business Intelligence, SaaS, Automation"
M054,Vikas Pawar,Application Security,"Security Architecture, SIEM, Risk Management, IAM",Technology,Cybersecurity,13,Pune,"Cloud Security, Startups, Privacy"
M055,Tanvi Shah,Founder Coaching,"Fundraising, Market Research, Entrepreneurship",SaaS,Entrepreneurship,15,Mumbai,"Entrepreneurship, AI, FinTech"
M056,Gaurav Nair,SaaS Growth,"SaaS, Product Management, APIs, Analytics",Technology,SaaS,6,Chandigarh,"Product Growth, Automation, Startups"
M057,Neha Malhotra,Brand Strategy,"SEO, SEM, Content Strategy, Marketing Analytics",E-commerce,Marketing,7,Jaipur,"Startups, Growth, Digital Products"
M058,Ashish Shah,Smart Contracts,"Rust, Solana, Web3, Smart Contracts",Technology,Blockchain,18,Delhi,"Digital Assets, Security, FinTech"
M059,Sonal Sharma,Growth Marketing,"SEO, SEM, Content Strategy, Marketing Analytics",Technology,Marketing,17,Delhi,"E-commerce, SaaS, Branding"
M060,Nikhil Jadhav,Web3,"Rust, Solana, Web3, Smart Contracts",Technology,Blockchain,14,Kolkata,"Digital Assets, Security, FinTech"
M061,Deepak Kulkarni,UI Design,"Design Systems, Figma, UI/UX, Accessibility",SaaS,UI/UX,19,Nagpur,"Design Systems, FinTech, Mobile"
M062,Neha Verma,Digital Assets,"Blockchain, Python, Cryptography, APIs",Blockchain,Blockchain,21,Nashik,"Web3, FinTech, Startups"
M063,Ananya Jadhav,Healthcare Technology,"Python, Healthcare Analytics, SQL, ML",Healthcare,Healthcare,9,Chennai,"Healthcare Innovation, ML, Analytics"
M064,Aarav Deshmukh,Performance Marketing,"Growth Marketing, SQL, Analytics, Experimentation",E-commerce,Marketing,11,Hyderabad,"Startups, Growth, Digital Products"
M065,Kavya Deshmukh,Growth Marketing,"SEO, SEM, Content Strategy, Marketing Analytics",E-commerce,Marketing,12,Pune,"AI Marketing, Analytics, Content"
M066,Rohan Chavan,UX Research,"Design Systems, Figma, UI/UX, Accessibility",E-commerce,UI/UX,9,Kolkata,"UX Research, Accessibility, SaaS"
M067,Rohan Gupta,EdTech Entrepreneurship,"Instructional Design, LMS, Content Strategy",EdTech,EdTech,18,Indore,"Digital Learning, SaaS, Innovation"
M068,Rohan Kulkarni,Digital Commerce,"Growth Marketing, Analytics, E-commerce",Technology,E-commerce,13,Hyderabad,"E-commerce, Growth, SaaS"
M069,Aniket Joshi,Smart Contracts,"Blockchain, Python, Cryptography, APIs",FinTech,Blockchain,12,Chandigarh,"Digital Assets, Security, FinTech"
M070,Raj Pawar,Cloud Solutions,"Azure, Kubernetes, Terraform, DevOps",SaaS,Cloud Computing,12,Hyderabad,"Cloud Native, DevOps, Startups"
M071,Priya Agarwal,Market Strategy,"Go-to-Market, Product Strategy, Analytics",Technology,Business Strategy,22,Hyderabad,"Entrepreneurship, FinTech, Growth"
M072,Raj Bansal,Java Development,"Java, Spring Boot, SQL, REST APIs",Technology,Software Development,17,Delhi,"AI, Cloud, SaaS"
M073,Aditya Iyer,Mobile Architecture,"Kotlin, Android, Firebase, REST APIs",Software,Mobile Development,12,Gurugram,"FinTech, Mobile, AI"
M074,Aditya Iyer 2,Startup Strategy,"Go-to-Market, Product Strategy, Analytics",Technology,Business Strategy,17,Kolkata,"Business Models, AI, Market Expansion"
M075,Divya Patil,DevOps,"Terraform, Azure, CI/CD, Kubernetes",Technology,DevOps,5,Nashik,"SRE, Infrastructure, SaaS"
M076,Priya Gupta,B2B SaaS,"Node.js, React, AWS, PostgreSQL",Software,SaaS,17,Noida,"Cloud, Developer Tools, SaaS"
M077,Amit Nair,Digital Marketing,"Growth Marketing, SQL, Analytics, Experimentation",Marketing,Marketing,13,Indore,"AI Marketing, Analytics, Content"
M078,Vivek Joshi,E-commerce Technology,"Product Management, Analytics, E-commerce, SQL",E-commerce,E-commerce,7,Hyderabad,"Marketplaces, AI, Startups"
M079,Manish Nair,Growth Engineering,"Product Management, Analytics, E-commerce, SQL",Technology,E-commerce,9,Hyderabad,"E-commerce, Growth, SaaS"
M080,Neha Agarwal,Digital Payments,"Python, Finance, Data Analytics, SQL",FinTech,FinTech,8,Kolkata,"FinTech, AI, Startups"
M081,Kavya Deshmukh 2,Product Strategy,"Product Management, Agile, Analytics, SQL",E-commerce,Product Management,17,Indore,"Growth, Analytics, Innovation"
M082,Pranav Kulkarni,Digital Assets,"Solidity, Ethereum, Web3.js, JavaScript",FinTech,Blockchain,8,Ahmedabad,"DeFi, AI, Blockchain"
M083,Pranav Jadhav,EdTech Strategy,"Instructional Design, LMS, Content Strategy",Education,EdTech,15,Mumbai,"Digital Learning, SaaS, Innovation"
M084,Sneha Kumar,AWS,"AWS, Azure, Networking, Cloud Security",SaaS,Cloud Computing,18,Delhi,"Cloud Security, AI, Developer Tools"
M085,Aniket Gupta,Design Systems,"Product Design, Figma, Design Thinking, UX",SaaS,UI/UX,18,Nashik,"Product Design, Startups, AI"
M086,Nisha Sharma 2,UX Research,"Design Systems, Figma, UI/UX, Accessibility",E-commerce,UI/UX,12,Jaipur,"UX Research, Accessibility, SaaS"
M087,Nisha Gupta 2,IoT Development,"Arduino, C, Sensors, Embedded Systems",IoT,IoT,15,Noida,"Embedded Systems, Robotics, Startups"
M088,Raj Kumar,SaaS Architecture,"Python, FastAPI, Docker, AWS",SaaS,SaaS,22,Mumbai,"B2B SaaS, Startups, AI"
M089,Aniket Singh,Mobile Architecture,"Flutter, Dart, Firebase, REST APIs",Software,Mobile Development,12,Nagpur,"Mobile Apps, Startups, SaaS"
M090,Sahil Bansal,Marketplace Strategy,"Python, Recommendation Systems, SQL, ML",Technology,E-commerce,17,Kolkata,"E-commerce, Growth, SaaS"
M091,Rohit Gupta,Digital Learning,"EdTech, Product Strategy, User Research",Education,EdTech,16,Noida,"Education Technology, Analytics, UX"
M092,Aryan Bansal,Web3,"Solidity, Ethereum, Web3.js, JavaScript",Technology,Blockchain,13,Hyderabad,"DeFi, AI, Blockchain"
M093,Shreya Chavan,Digital Payments,"Payments, Risk Management, APIs, Compliance",Finance,FinTech,11,Indore,"Financial Inclusion, Blockchain, AI"
M094,Neha Sharma,Web3,"Blockchain, Python, Cryptography, APIs",Blockchain,Blockchain,8,Noida,"Web3, FinTech, Startups"
M095,Ashish Kumar,iOS Development,"Java, Android, Kotlin, SQLite",Mobile Technology,Mobile Development,9,Ahmedabad,"FinTech, Mobile, AI"
M096,Nisha Mehta,Security Architecture,"AWS Security, IAM, Cloud Security, Python",Technology,Cybersecurity,5,Chennai,"Application Security, AI, FinTech"
M097,Ananya Agarwal,Natural Language Processing,"Python, TensorFlow, Scikit-learn, SQL",Artificial Intelligence,AI / Machine Learning,13,Gurugram,"AI Products, SaaS, Automation"
M098,Aryan Bansal 2,Deep Learning,"Python, ML, Pandas, Feature Engineering",Technology,AI / Machine Learning,9,Mumbai,"Generative AI, Startups, Research"
M099,Neha Agarwal 2,Content Strategy,"Growth Marketing, SQL, Analytics, Experimentation",E-commerce,Marketing,12,Chandigarh,"E-commerce, SaaS, Branding"
M100,Arjun Shah,Content Strategy,"SEO, SEM, Content Strategy, Marketing Analytics",Marketing,Marketing,14,Kolkata,"AI Marketing, Analytics, Content"
M101,Ananya Mehta,Healthcare Technology,"HealthTech, Product Management, APIs",Healthcare,Healthcare,13,Bengaluru,"Healthcare Innovation, ML, Analytics"
M102,Karan Singh,Java Development,"Python, FastAPI, Docker, PostgreSQL",Technology,Software Development,18,Delhi,"Startups, SaaS, Open Source"
M103,Varun Shah,Blockchain Development,"Solidity, Smart Contracts, EVM, Hardhat",FinTech,Blockchain,19,Nagpur,"Digital Assets, Security, FinTech"
M104,Bhavna Kulkarni,Content Strategy,"Performance Marketing, Google Ads, Meta Ads, Analytics",Technology,Marketing,8,Bengaluru,"E-commerce, SaaS, Branding"
M105,Mohit Jadhav,Generative AI,"Python, ML, Pandas, Feature Engineering",Software,AI / Machine Learning,10,Nashik,"Computer Vision, Robotics, AI"
M106,Sakshi Jadhav,Cloud Security,"Penetration Testing, Kali Linux, OWASP, Metasploit",Technology,Cybersecurity,19,Ahmedabad,"Cyber Risk, SaaS, Security"
M107,Aniket Verma 2,Predictive Analytics,"SQL, Python, Spark, Data Engineering",E-commerce,Data Science,6,Delhi,"Analytics, AI, Business Strategy"
M108,Sahil Malhotra,Site Reliability Engineering,"Python, Ansible, Linux, Cloud",Technology,DevOps,5,Nagpur,"Cloud, DevOps, Automation"
M109,Aniket Kumar,UI Design,"Design Systems, Figma, UI/UX, Accessibility",SaaS,UI/UX,13,Jaipur,"UX Research, Accessibility, SaaS"
M110,Nisha Pawar,Startup Fundraising,"Venture Capital, Financial Modeling, Pitching",SaaS,Entrepreneurship,18,Mumbai,"Startups, Venture Capital, Innovation"
M111,Nikhil Gupta,Industrial IoT,"IoT Analytics, Python, Cloud, Data",IoT,IoT,14,Chennai,"IoT, AI, Smart Cities"
M112,Rohit Pawar,Market Strategy,"Business Modeling, Finance, Strategy, Excel",Technology,Business Strategy,8,Jaipur,"Business Models, AI, Market Expansion"
M113,Yash Jadhav,Computer Vision,"Python, LLMs, Transformers, RAG",Software,AI / Machine Learning,11,Nagpur,"AI Products, SaaS, Automation"
M114,Rohan Kumar,Generative AI,"Python, ML, Pandas, Feature Engineering",Artificial Intelligence,AI / Machine Learning,11,Chandigarh,"AI Products, SaaS, Automation"
M115,Sonal Sharma 2,Security Architecture,"OWASP, Burp Suite, Linux, Web Security",FinTech,Cybersecurity,5,Bengaluru,"Application Security, AI, FinTech"
M116,Bhavna Kumar,Android Development,"Kotlin, Android, Firebase, REST APIs",Mobile Technology,Mobile Development,18,Chennai,"Mobile Apps, Startups, SaaS"
M117,Rohit Bansal,Smart Contracts,"Rust, Solana, Web3, Smart Contracts",FinTech,Blockchain,21,Chennai,"Web3, FinTech, Startups"
M118,Ananya Gupta,AWS,"AWS, Azure, Networking, Cloud Security",SaaS,Cloud Computing,17,Indore,"Cloud Native, DevOps, Startups"
M119,Neha Agarwal 3,Content Strategy,"Brand Strategy, Content Marketing, Social Media",Marketing,Marketing,15,Delhi,"AI Marketing, Analytics, Content"
M120,Nisha Bansal,CI/CD,"Terraform, Azure, CI/CD, Kubernetes",SaaS,DevOps,20,Chennai,"SRE, Infrastructure, SaaS"
M121,Tanvi Iyer,Mobile Architecture,"Swift, iOS, SwiftUI, REST APIs",Mobile Technology,Mobile Development,17,Indore,"Mobile Apps, Startups, SaaS"
M122,Priya Iyer,E-commerce Technology,"Python, Recommendation Systems, SQL, ML",Technology,E-commerce,18,Chennai,"Retail Technology, Payments, Analytics"
M123,Arjun Jadhav,Cloud Architecture,"Azure, Kubernetes, Terraform, DevOps",SaaS,Cloud Computing,20,Kolkata,"SaaS, Automation, Infrastructure"
M124,Bhavna Kulkarni 2,Ethical Hacking,"Python, Linux, Network Security, SIEM",FinTech,Cybersecurity,21,Bengaluru,"Application Security, AI, FinTech"
M125,Aniket Reddy,Embedded Systems,"IoT Analytics, Python, Cloud, Data",Manufacturing,IoT,13,Gurugram,"Industrial IoT, Cloud, Automation"
M126,Ananya Verma,iOS Development,"Flutter, Dart, Firebase, REST APIs",Technology,Mobile Development,17,Pune,"Product Development, UX, Mobile"
M127,Arjun Jadhav 2,Blockchain Development,"Rust, Solana, Web3, Smart Contracts",Blockchain,Blockchain,12,Nagpur,"Digital Assets, Security, FinTech"
M128,Mohit Nair,FinTech Strategy,"FinTech, Payments, APIs, Product Strategy",Finance,FinTech,14,Nagpur,"FinTech, AI, Startups"
M129,Divya Mehta,Startup Building,"Startup Strategy, Product Management, GTM",SaaS,Entrepreneurship,18,Gurugram,"SaaS, Fundraising, Product"
M130,Sakshi Agarwal,FinTech Product Management,"Payments, Risk Management, APIs, Compliance",Banking,FinTech,7,Jaipur,"FinTech, AI, Startups"
M131,Aarav Jadhav 2,Cloud Solutions,"AWS, EC2, S3, Lambda, CloudFormation",Technology,Cloud Computing,12,Delhi,"Cloud Security, AI, Developer Tools"
M132,Neha Pawar,Web3,"Solidity, Ethereum, Web3.js, JavaScript",FinTech,Blockchain,22,Noida,"Digital Assets, Security, FinTech"
M133,Arjun Verma,B2B SaaS,"Node.js, React, AWS, PostgreSQL",Software,SaaS,19,Nashik,"Cloud, Developer Tools, SaaS"
M134,Rahul Gupta,Product Discovery,"Technical Product Management, APIs, SQL, Agile",E-commerce,Product Management,16,Delhi,"AI Products, Startups, SaaS"
M135,Vikas Nair,Python Development,"C++, Java, Data Structures, System Design",Technology,Software Development,6,Nagpur,"Startups, SaaS, Open Source"
M136,Ashish Deshmukh,Digital Commerce,"Python, Recommendation Systems, SQL, ML",Technology,E-commerce,11,Nagpur,"Retail Technology, Payments, Analytics"
M137,Ashish Kulkarni,Natural Language Processing,"Python, TensorFlow, Scikit-learn, SQL",Software,AI / Machine Learning,14,Noida,"Computer Vision, Robotics, AI"
M138,Pranav Malhotra,Blockchain Architecture,"Solidity, Smart Contracts, EVM, Hardhat",Blockchain,Blockchain,15,Bengaluru,"Digital Assets, Security, FinTech"
M139,Nisha Deshmukh 2,Learning Technology,"Python, AI, Learning Analytics, SQL",Education,EdTech,13,Nagpur,"Digital Learning, SaaS, Innovation"
M140,Rahul Bansal,UI Design,"Figma, UI Design, Prototyping, User Research",E-commerce,UI/UX,7,Indore,"Design Systems, FinTech, Mobile"
M141,Rohit Nair 2,Founder Coaching,"Fundraising, Business Strategy, Pitching, Leadership",Technology,Entrepreneurship,7,Ahmedabad,"Startups, Venture Capital, Innovation"
M142,Aditya Chavan,B2B SaaS,"SaaS, Product Management, APIs, Analytics",Technology,SaaS,17,Hyderabad,"Cloud, Developer Tools, SaaS"
M143,Rohit Singh,Cross-platform Development,"Kotlin, Android, Firebase, REST APIs",Technology,Mobile Development,15,Mumbai,"Product Development, UX, Mobile"
M144,Aryan Deshmukh,Growth Marketing,"Digital Marketing, SEO, Analytics, Content",Marketing,Marketing,8,Delhi,"E-commerce, SaaS, Branding"
M145,Sneha Pawar,Marketplace Strategy,"Growth Marketing, Analytics, E-commerce",Retail,E-commerce,22,Noida,"Retail Technology, Payments, Analytics"
M146,Meera Patil,Infrastructure Automation,"Docker, Kubernetes, Jenkins, AWS",Cloud Computing,DevOps,9,Kolkata,"SRE, Infrastructure, SaaS"
M147,Arjun Nair 2,Founder Coaching,"Leadership, Business Development, Product Strategy",Startups,Entrepreneurship,11,Nashik,"Entrepreneurship, AI, FinTech"
M148,Rohit Kulkarni,Android Development,"Flutter, Dart, Firebase, REST APIs",Software,Mobile Development,16,Hyderabad,"Mobile Apps, Startups, SaaS"
M149,Isha Kulkarni,Healthcare Technology,"Python, Data Science, Healthcare Data, ML",Healthcare,Healthcare,5,Bengaluru,"Healthcare Innovation, ML, Analytics"
M150,Vikas Sharma,Cross-platform Development,"Kotlin, Android, Firebase, REST APIs",Mobile Technology,Mobile Development,11,Noida,"Mobile Apps, Startups, SaaS"
M151,Aryan Sharma,SaaS Product Management,"Python, FastAPI, Docker, AWS",Software,SaaS,9,Nagpur,"B2B SaaS, Startups, AI"
M152,Divya Gupta,Azure,"Azure, Kubernetes, Terraform, DevOps",SaaS,Cloud Computing,5,Noida,"Cloud Native, DevOps, Startups"
M153,Sahil Jadhav,Natural Language Processing,"Python, ML, Pandas, Feature Engineering",Artificial Intelligence,AI / Machine Learning,9,Indore,"Generative AI, Startups, Research"
M154,Vivek Patil,Venture Strategy,"Fundraising, Business Strategy, Pitching, Leadership",Technology,Entrepreneurship,21,Ahmedabad,"Startups, Venture Capital, Innovation"
M155,Riya Deshmukh,Digital Learning,"Product Management, EdTech, Analytics, UX",EdTech,EdTech,14,Chennai,"Digital Learning, SaaS, Innovation"
M156,Ananya Joshi,IoT Architecture,"Python, MQTT, Raspberry Pi, IoT",Technology,IoT,19,Kolkata,"IoT, AI, Smart Cities"
M157,Rohit Malhotra 2,B2B SaaS,"Product Strategy, B2B SaaS, Growth",Technology,SaaS,22,Ahmedabad,"Cloud, Developer Tools, SaaS"
M158,Riya Jadhav,Digital Marketing,"SEO, SEM, Content Strategy, Marketing Analytics",Technology,Marketing,8,Nashik,"Startups, Growth, Digital Products"
M159,Arjun Reddy,E-commerce Product Management,"Growth Marketing, Analytics, E-commerce",Retail,E-commerce,18,Gurugram,"Retail Technology, Payments, Analytics"
M160,Ananya Kulkarni,Brand Strategy,"Brand Strategy, Content Marketing, Social Media",Marketing,Marketing,15,Jaipur,"E-commerce, SaaS, Branding"
M161,Ashish Bansal,Predictive Analytics,"Python, Pandas, SQL, Tableau",E-commerce,Data Science,7,Indore,"Data Products, FinTech, AI"
M162,Pooja Pawar,Computer Vision,"Python, LLMs, Transformers, RAG",Software,AI / Machine Learning,22,Mumbai,"AI Products, SaaS, Automation"
M163,Sameer Shah,Computer Vision,"Python, LLMs, Transformers, RAG",Technology,AI / Machine Learning,14,Mumbai,"Computer Vision, Robotics, AI"
M164,Pranav Deshmukh,AWS,"AWS, Docker, Kubernetes, Terraform",Technology,Cloud Computing,20,Nashik,"Cloud Security, AI, Developer Tools"
M165,Sonal Sharma 3,SaaS Growth,"Python, FastAPI, Docker, AWS",Technology,SaaS,12,Kolkata,"Product Growth, Automation, Startups"
M166,Nisha Nair,SaaS Product Management,"Java, Spring Boot, AWS, Microservices",Technology,SaaS,5,Nagpur,"Cloud, Developer Tools, SaaS"
M167,Bhavna Sharma,Full Stack Development,"Python, FastAPI, Docker, PostgreSQL",SaaS,Software Development,10,Gurugram,"Startups, SaaS, Open Source"
M168,Deepak Nair 2,Data Analytics,"Python, Statistics, Machine Learning, Excel",FinTech,Data Science,21,Chennai,"Data Products, FinTech, AI"
M169,Bhavna Mehta,Digital Assets,"Blockchain Architecture, Solidity, Security, DeFi",Blockchain,Blockchain,15,Chandigarh,"Web3, FinTech, Startups"
M170,Vikas Jadhav,Generative AI,"Python, OpenCV, PyTorch, Computer Vision",Software,AI / Machine Learning,7,Gurugram,"AI Products, SaaS, Automation"
M171,Aryan Singh,Growth Marketing,"SEO, SEM, Content Strategy, Marketing Analytics",Marketing,Marketing,13,Noida,"E-commerce, SaaS, Branding"
M172,Vikas Patil,Platform Engineering,"Linux, Kubernetes, Prometheus, Grafana",Technology,DevOps,20,Hyderabad,"SRE, Infrastructure, SaaS"
M173,Mohit Reddy,Software Architecture,"Python, Django, REST APIs, PostgreSQL",Software,Software Development,11,Nagpur,"AI, Cloud, SaaS"
M174,Sneha Verma 2,Ethical Hacking,"Penetration Testing, Kali Linux, OWASP, Metasploit",Cybersecurity,Cybersecurity,5,Bengaluru,"Application Security, AI, FinTech"
M175,Akash Pawar,Education Product Management,"Product Management, EdTech, Analytics, UX",Education,EdTech,22,Nashik,"Education Technology, Analytics, UX"
M176,Rahul Pawar,Backend Development,"JavaScript, React, Node.js, MongoDB",SaaS,Software Development,19,Gurugram,"Developer Tools, Startups, Cloud"
M177,Rohit Nair 3,Blockchain Architecture,"Solidity, Ethereum, Web3.js, JavaScript",FinTech,Blockchain,8,Bengaluru,"Digital Assets, Security, FinTech"
M178,Shreya Kulkarni,Data Science,"Python, Scikit-learn, SQL, Power BI",FinTech,Data Science,18,Kolkata,"Data Products, FinTech, AI"
M179,Ananya Malhotra,Technical Product Management,"Product Strategy, UX, Roadmapping, A/B Testing",SaaS,Product Management,14,Nagpur,"AI Products, Startups, SaaS"
M180,Bhavna Verma,Security Architecture,"OWASP, Burp Suite, Linux, Web Security",Technology,Cybersecurity,21,Noida,"Cyber Risk, SaaS, Security"
M181,Ananya Mehta 2,Cloud Security,"OWASP, Burp Suite, Linux, Web Security",Cybersecurity,Cybersecurity,9,Kolkata,"Cloud Security, Startups, Privacy"
M182,Yash Chavan,IoT Analytics,"IoT Analytics, Python, Cloud, Data",Technology,IoT,19,Jaipur,"Industrial IoT, Cloud, Automation"
M183,Yash Singh,Startup Strategy,"Go-to-Market, Product Strategy, Analytics",Technology,Business Strategy,15,Chennai,"Entrepreneurship, FinTech, Growth"
M184,Rohan Patil,B2B SaaS,"Python, FastAPI, Docker, AWS",SaaS,SaaS,6,Delhi,"Cloud, Developer Tools, SaaS"
M185,Vivek Chavan,Generative AI,"Python, TensorFlow, Scikit-learn, SQL",Software,AI / Machine Learning,16,Nashik,"Generative AI, Startups, Research"
M186,Akash Jadhav 2,Digital Learning,"EdTech, Product Strategy, User Research",Technology,EdTech,17,Nagpur,"Education Technology, Analytics, UX"
M187,Amit Jadhav,Site Reliability Engineering,"Python, Ansible, Linux, Cloud",Cloud Computing,DevOps,11,Ahmedabad,"Cloud, DevOps, Automation"
M188,Kavya Jadhav,Cybersecurity,"Security Architecture, SIEM, Risk Management, IAM",FinTech,Cybersecurity,15,Bengaluru,"Cloud Security, Startups, Privacy"
M189,Mohit Iyer,Design Systems,"Design Systems, Figma, UI/UX, Accessibility",Technology,UI/UX,21,Noida,"UX Research, Accessibility, SaaS"
M190,Ananya Reddy,Content Strategy,"Digital Marketing, SEO, Analytics, Content",Technology,Marketing,15,Jaipur,"E-commerce, SaaS, Branding"
M191,Vikas Joshi,Ethical Hacking,"AWS Security, IAM, Cloud Security, Python",Technology,Cybersecurity,22,Indore,"Cyber Risk, SaaS, Security"
M192,Rahul Joshi,Corporate Strategy,"Business Development, Partnerships, Sales Strategy",Consulting,Business Strategy,7,Delhi,"Business Models, AI, Market Expansion"
M193,Ashish Malhotra,Data Engineering,"Python, Statistics, Machine Learning, Excel",E-commerce,Data Science,14,Nagpur,"Data Products, FinTech, AI"
M194,Divya Shah,Data Engineering,"SQL, Python, Spark, Data Engineering",Technology,Data Science,18,Noida,"Data Products, FinTech, AI"
M195,Mohit Deshmukh,Startup Strategy,"Business Development, Partnerships, Sales Strategy",Technology,Business Strategy,20,Bengaluru,"Startups, Strategy, SaaS"
M196,Ashish Chavan,EdTech Entrepreneurship,"Product Management, EdTech, Analytics, UX",Technology,EdTech,22,Noida,"Education Technology, Analytics, UX"
M197,Deepak Jadhav,Product Strategy,"Product Strategy, UX, Roadmapping, A/B Testing",E-commerce,Product Management,9,Nagpur,"Growth, Analytics, Innovation"
M198,Rohan Verma,Generative AI,"Python, PyTorch, Deep Learning, NLP",Technology,AI / Machine Learning,18,Kolkata,"AI Products, SaaS, Automation"
M199,Tanvi Jadhav,iOS Development,"Flutter, Dart, Firebase, REST APIs",Mobile Technology,Mobile Development,12,Noida,"Product Development, UX, Mobile"
M200,Gaurav Chavan,UX Research,"Design Systems, Figma, UI/UX, Accessibility",E-commerce,UI/UX,14,Gurugram,"Product Design, Startups, AI"
M201,Shreya Deshmukh,Cloud Architecture,"GCP, Kubernetes, Docker, CI/CD",Technology,Cloud Computing,13,Ahmedabad,"Cloud Native, DevOps, Startups"
M202,Bhavna Pawar,Web3,"Blockchain, Python, Cryptography, APIs",FinTech,Blockchain,7,Chandigarh,"Digital Assets, Security, FinTech"
M203,Rahul Malhotra,Predictive Analytics,"SQL, Python, Spark, Data Engineering",Technology,Data Science,12,Gurugram,"Analytics, AI, Business Strategy"
M204,Nikhil Deshmukh,Founder Coaching,"Fundraising, Business Strategy, Pitching, Leadership",Technology,Entrepreneurship,12,Hyderabad,"Startups, Venture Capital, Innovation"
M205,Ashish Kumar 2,Startup Strategy,"Business Strategy, Market Research, Excel, Analytics",Consulting,Business Strategy,9,Chandigarh,"Entrepreneurship, FinTech, Growth"
M206,Sonal Chavan,UX Design,"Figma, UX Research, Prototyping, Design Systems",SaaS,UI/UX,5,Hyderabad,"Product Design, Startups, AI"
M207,Amit Verma,EdTech Strategy,"Python, AI, Learning Analytics, SQL",EdTech,EdTech,18,Delhi,"EdTech, AI, Startups"
M208,Aditya Malhotra,Digital Marketing,"Digital Marketing, SEO, Analytics, Content",E-commerce,Marketing,19,Kolkata,"AI Marketing, Analytics, Content"
M209,Pooja Verma,CI/CD,"Linux, Kubernetes, Prometheus, Grafana",Cloud Computing,DevOps,12,Pune,"Cloud Native, Security, Startups"
M210,Shreya Bansal,CI/CD,"Docker, Kubernetes, Jenkins, AWS",SaaS,DevOps,18,Noida,"Cloud, DevOps, Automation"
M211,Akash Iyer,EdTech Entrepreneurship,"Product Management, EdTech, Analytics, UX",Education,EdTech,21,Nashik,"Digital Learning, SaaS, Innovation"
M212,Yash Deshmukh,Entrepreneurship,"Venture Capital, Financial Modeling, Pitching",Startups,Entrepreneurship,13,Noida,"Startups, Venture Capital, Innovation"
M213,Divya Jadhav,CI/CD,"Docker, Kubernetes, Jenkins, AWS",Cloud Computing,DevOps,15,Ahmedabad,"SRE, Infrastructure, SaaS"
M214,Akash Singh 2,IoT Development,"Python, MQTT, Raspberry Pi, IoT",Manufacturing,IoT,10,Nagpur,"Embedded Systems, Robotics, Startups"
M215,Sameer Iyer,HealthTech,"Python, Healthcare Analytics, SQL, ML",HealthTech,Healthcare,6,Chandigarh,"HealthTech, Data Privacy, SaaS"
M216,Pooja Patil,iOS Development,"Java, Android, Kotlin, SQLite",Technology,Mobile Development,20,Hyderabad,"FinTech, Mobile, AI"
M217,Rohan Iyer,Business Strategy,"Market Research, Competitive Analysis, Strategy",Consulting,Business Strategy,13,Chandigarh,"Entrepreneurship, FinTech, Growth"
M218,Meera Kulkarni,Market Strategy,"Go-to-Market, Product Strategy, Analytics",Consulting,Business Strategy,10,Chandigarh,"Business Models, AI, Market Expansion"
M219,Nikhil Deshmukh 2,Performance Marketing,"SEO, SEM, Content Strategy, Marketing Analytics",Marketing,Marketing,7,Ahmedabad,"E-commerce, SaaS, Branding"
M220,Riya Mehta,Business Intelligence,"SQL, Python, Spark, Data Engineering",FinTech,Data Science,15,Kolkata,"Business Intelligence, SaaS, Automation"
M221,Vivek Pawar,UX Research,"Figma, UX Research, Prototyping, Design Systems",E-commerce,UI/UX,16,Nashik,"UX Research, Accessibility, SaaS"
M222,Deepak Sharma,SaaS Architecture,"Product Strategy, B2B SaaS, Growth",Software,SaaS,6,Ahmedabad,"Product Growth, Automation, Startups"
M223,Pranav Nair,Cloud Architecture,"Azure, Kubernetes, Terraform, DevOps",Cloud Computing,Cloud Computing,19,Hyderabad,"Cloud Security, AI, Developer Tools"
M224,Pranav Jadhav 2,Product Discovery,"Product Strategy, UX, Roadmapping, A/B Testing",E-commerce,Product Management,6,Chennai,"Product Strategy, FinTech, UX"
M225,Meera Verma,Data Engineering,"SQL, Python, Spark, Data Engineering",FinTech,Data Science,9,Noida,"Business Intelligence, SaaS, Automation"
M226,Aryan Gupta,Application Security,"Penetration Testing, Kali Linux, OWASP, Metasploit",FinTech,Cybersecurity,5,Gurugram,"Cyber Risk, SaaS, Security"
M227,Gaurav Deshmukh,SaaS Product Management,"Python, FastAPI, Docker, AWS",Software,SaaS,19,Indore,"Cloud, Developer Tools, SaaS"
M228,Nikhil Nair,Cloud Solutions,"Azure, Kubernetes, Terraform, DevOps",SaaS,Cloud Computing,7,Chennai,"Cloud Native, DevOps, Startups"
M229,Yash Mehta,Data Engineering,"SQL, Python, Spark, Data Engineering",FinTech,Data Science,22,Nashik,"Analytics, AI, Business Strategy"
M230,Kavya Kumar,Startup Building,"Fundraising, Business Strategy, Pitching, Leadership",Startups,Entrepreneurship,21,Nagpur,"Startups, Venture Capital, Innovation"
M231,Ashish Chavan 2,Python Development,"Python, FastAPI, Docker, PostgreSQL",Technology,Software Development,16,Chennai,"Developer Tools, Startups, Cloud"
M232,Shreya Pawar,Business Intelligence,"Python, Statistics, Machine Learning, Excel",E-commerce,Data Science,7,Indore,"Data Products, FinTech, AI"
M233,Rohit Malhotra 3,Growth Marketing,"Brand Strategy, Content Marketing, Social Media",Technology,Marketing,7,Mumbai,"E-commerce, SaaS, Branding"
M234,Riya Malhotra,Venture Strategy,"Fundraising, Market Research, Entrepreneurship",Startups,Entrepreneurship,9,Nagpur,"Startups, Venture Capital, Innovation"
M235,Nikhil Verma 2,Computer Vision,"Python, PyTorch, Deep Learning, NLP",Technology,AI / Machine Learning,8,Bengaluru,"Generative AI, Startups, Research"
M236,Sonal Gupta,Startup Fundraising,"Fundraising, Business Strategy, Pitching, Leadership",Technology,Entrepreneurship,21,Hyderabad,"SaaS, Fundraising, Product"
M237,Deepak Agarwal,Cloud Migration,"AWS, Azure, Networking, Cloud Security",Cloud Computing,Cloud Computing,14,Ahmedabad,"Cloud Security, AI, Developer Tools"
M238,Nisha Agarwal,CI/CD,"Python, Ansible, Linux, Cloud",SaaS,DevOps,9,Chandigarh,"Cloud Native, Security, Startups"
M239,Manish Shah,Machine Learning,"Python, TensorFlow, Scikit-learn, SQL",Software,AI / Machine Learning,5,Nagpur,"Computer Vision, Robotics, AI"
M240,Sneha Singh,Platform Engineering,"Docker, Kubernetes, Jenkins, AWS",Cloud Computing,DevOps,18,Chandigarh,"Cloud Native, Security, Startups"
M241,Amit Mehta,Web3,"Rust, Solana, Web3, Smart Contracts",FinTech,Blockchain,20,Chennai,"Web3, FinTech, Startups"
M242,Bhavna Reddy,UX Research,"UX Research, Usability Testing, Figma, Prototyping",Technology,UI/UX,18,Noida,"Design Systems, FinTech, Mobile"
M243,Arjun Reddy 2,Market Strategy,"Business Development, Partnerships, Sales Strategy",Consulting,Business Strategy,16,Ahmedabad,"Business Models, AI, Market Expansion"
M244,Arjun Patil 2,E-commerce Technology,"Python, Recommendation Systems, SQL, ML",Retail,E-commerce,19,Hyderabad,"Marketplaces, AI, Startups"
M245,Nikhil Agarwal,Digital Assets,"Rust, Solana, Web3, Smart Contracts",Blockchain,Blockchain,17,Nashik,"Web3, FinTech, Startups"
M246,Neha Kumar,Startup Strategy,"Go-to-Market, Product Strategy, Analytics",Finance,Business Strategy,11,Chennai,"Entrepreneurship, FinTech, Growth"
M247,Varun Nair,Java Development,"Python, FastAPI, Docker, PostgreSQL",Technology,Software Development,7,Hyderabad,"Startups, SaaS, Open Source"
M248,Sahil Singh,Generative AI,"Python, OpenCV, PyTorch, Computer Vision",Software,AI / Machine Learning,6,Chandigarh,"Computer Vision, Robotics, AI"
M249,Pranav Iyer,Android Development,"Flutter, Dart, Firebase, REST APIs",Mobile Technology,Mobile Development,5,Chandigarh,"FinTech, Mobile, AI"
M250,Pranav Bansal,Founder Coaching,"Fundraising, Business Strategy, Pitching, Leadership",SaaS,Entrepreneurship,6,Ahmedabad,"Startups, Venture Capital, Innovation"
